"node-superagent/2.3.0",2025-11-03T20:32:23.351Z,GET,/,HTTP/1.1,200
"node-superagent/2.3.0",2025-11-03T20:32:23.356Z,GET,/,HTTP/1.1,200
"node-superagent/2.3.0",2025-11-03T20:32:23.358Z,GET,/,HTTP/1.1,200
"node-superagent/2.3.0",2025-11-03T20:32:23.362Z,GET,/,HTTP/1.1,200
"node-superagent/2.3.0",2025-11-03T20:32:23.364Z,GET,/,HTTP/1.1,200
"node-superagent/2.3.0",2025-11-03T20:32:23.366Z,GET,/,HTTP/1.1,200
"node-superagent/2.3.0",2025-11-03T20:32:23.367Z,GET,/,HTTP/1.1,200
"node-superagent/2.3.0",2025-11-03T20:32:23.369Z,GET,/,HTTP/1.1,200
"node-superagent/2.3.0",2025-11-03T20:32:23.372Z,GET,/logs,HTTP/1.1,200
"node-superagent/2.3.0",2025-11-03T20:32:23.374Z,GET,/logs,HTTP/1.1,200
"node-superagent/2.3.0",2025-11-03T20:32:52.413Z,GET,/,HTTP/1.1,200
"node-superagent/2.3.0",2025-11-03T20:32:52.418Z,GET,/,HTTP/1.1,200
"node-superagent/2.3.0",2025-11-03T20:32:52.420Z,GET,/,HTTP/1.1,200
"node-superagent/2.3.0",2025-11-03T20:32:52.424Z,GET,/,HTTP/1.1,200
"node-superagent/2.3.0",2025-11-03T20:32:52.426Z,GET,/,HTTP/1.1,200
"node-superagent/2.3.0",2025-11-03T20:32:52.428Z,GET,/,HTTP/1.1,200
"node-superagent/2.3.0",2025-11-03T20:32:52.429Z,GET,/,HTTP/1.1,200
"node-superagent/2.3.0",2025-11-03T20:32:52.431Z,GET,/,HTTP/1.1,200
"node-superagent/2.3.0",2025-11-03T20:32:52.434Z,GET,/logs,HTTP/1.1,200
"node-superagent/2.3.0",2025-11-03T20:32:52.436Z,GET,/logs,HTTP/1.1,200
node-superagent/2.3.0,2025-11-03T20:33:50.824Z,GET,/,HTTP/1.1,200
node-superagent/2.3.0,2025-11-03T20:33:50.830Z,GET,/,HTTP/1.1,200
node-superagent/2.3.0,2025-11-03T20:33:50.832Z,GET,/,HTTP/1.1,200
node-superagent/2.3.0,2025-11-03T20:33:50.836Z,GET,/,HTTP/1.1,200
node-superagent/2.3.0,2025-11-03T20:33:50.838Z,GET,/,HTTP/1.1,200
node-superagent/2.3.0,2025-11-03T20:33:50.840Z,GET,/,HTTP/1.1,200
node-superagent/2.3.0,2025-11-03T20:33:50.842Z,GET,/,HTTP/1.1,200
node-superagent/2.3.0,2025-11-03T20:33:50.843Z,GET,/,HTTP/1.1,200
node-superagent/2.3.0,2025-11-03T20:33:50.846Z,GET,/logs,HTTP/1.1,200
node-superagent/2.3.0,2025-11-03T20:33:50.849Z,GET,/logs,HTTP/1.1,200
node-superagent/2.3.0,2025-11-03T20:33:55.232Z,GET,/,HTTP/1.1,200
node-superagent/2.3.0,2025-11-03T20:33:55.237Z,GET,/,HTTP/1.1,200
node-superagent/2.3.0,2025-11-03T20:33:55.240Z,GET,/,HTTP/1.1,200
node-superagent/2.3.0,2025-11-03T20:33:55.243Z,GET,/,HTTP/1.1,200
node-superagent/2.3.0,2025-11-03T20:33:55.245Z,GET,/,HTTP/1.1,200
node-superagent/2.3.0,2025-11-03T20:33:55.247Z,GET,/,HTTP/1.1,200
node-superagent/2.3.0,2025-11-03T20:33:55.249Z,GET,/,HTTP/1.1,200
node-superagent/2.3.0,2025-11-03T20:33:55.251Z,GET,/,HTTP/1.1,200
node-superagent/2.3.0,2025-11-03T20:33:55.253Z,GET,/logs,HTTP/1.1,200
node-superagent/2.3.0,2025-11-03T20:33:55.256Z,GET,/logs,HTTP/1.1,200
{"agent":"Mozilla/5.0 (Windows NT 10.0; Win64; x64) AppleWebKit/537.36 (KHTML, like Gecko) Chrome/141.0.0.0 Safari/537.36","time":"2025-11-03T20:19:29.742Z","method":"GET","resource":"/favicon.ico","version":"1.1","status":200}
{"agent":"Mozilla/5.0 (Windows NT 10.0; Win64; x64) AppleWebKit/537.36 (KHTML, like Gecko) Chrome/141.0.0.0 Safari/537.36","time":"2025-11-03T20:35:00.771Z","method":"GET","resource":"/favicon.ico","version":"1.1","status":200}
{"agent":"Mozilla/5.0 (Windows NT 10.0; Win64; x64) AppleWebKit/537.36 (KHTML, like Gecko) Chrome/141.0.0.0 Safari/537.36","time":"2025-11-03T20:35:00.771Z","method":"GET","resource":"/favicon.ico","version":"1.1","status":200}
{"agent":"Mozilla/5.0 (Windows NT 10.0; Win64; x64) AppleWebKit/537.36 (KHTML, like Gecko) Chrome/141.0.0.0 Safari/537.36","time":"2025-11-03T20:35:00.771Z","method":"GET","resource":"/","version":"1.1","status":200}
{"agent":"Mozilla/5.0 (Windows NT 10.0; Win64; x64) AppleWebKit/537.36 (KHTML, like Gecko) Chrome/141.0.0.0 Safari/537.36","time":"2025-11-03T20:35:00.771Z","method":"GET","resource":"/","version":"1.1","status":200}
{"agent":"Mozilla/5.0 (Windows NT 10.0; Win64; x64) AppleWebKit/537.36 (KHTML, like Gecko) Chrome/141.0.0.0 Safari/537.36","time":"2025-11-03T20:35:00.771Z","method":"GET","resource":"/","version":"1.1","status":200}
{"agent":"Mozilla/5.0 (Windows NT 10.0; Win64; x64) AppleWebKit/537.36 (KHTML, like Gecko) Chrome/141.0.0.0 Safari/537.36","time":"2025-11-03T20:35:00.771Z","method":"GET","resource":"/","version":"1.1","status":200}
{"agent":"Mozilla/5.0 (Windows NT 10.0; Win64; x64) AppleWebKit/537.36 (KHTML, like Gecko) Chrome/141.0.0.0 Safari/537.36","time":"2025-11-03T20:35:00.779Z","method":"GET","resource":"/.well-known/appspecific/com.chrome.devtools.json","version":"1.1","status":200}
{"agent":"Mozilla/5.0 (Windows NT 10.0; Win64; x64) AppleWebKit/537.36 (KHTML, like Gecko) Chrome/141.0.0.0 Safari/537.36","time":"2025-11-03T20:35:00.779Z","method":"GET","resource":"/","version":"1.1","status":200}
{"agent":"Mozilla/5.0 (Windows NT 10.0; Win64; x64) AppleWebKit/537.36 (KHTML, like Gecko) Chrome/141.0.0.0 Safari/537.36","time":"2025-11-03T20:35:00.779Z","method":"GET","resource":"/.well-known/appspecific/com.chrome.devtools.json","version":"1.1","status":200}
{"agent":"Mozilla/5.0 (Windows NT 10.0; Win64; x64) AppleWebKit/537.36 (KHTML, like Gecko) Chrome/141.0.0.0 Safari/537.36","time":"2025-11-03T20:35:00.779Z","method":"GET","resource":"/","version":"1.1","status":200}
{"agent":"Mozilla/5.0 (Windows NT 10.0; Win64; x64) AppleWebKit/537.36 (KHTML, like Gecko) Chrome/141.0.0.0 Safari/537.36","time":"2025-11-03T20:35:00.779Z","method":"GET","resource":"/.well-known/appspecific/com.chrome.devtools.json","version":"1.1","status":200}
{"agent":"Mozilla/5.0 (Windows NT 10.0; Win64; x64) AppleWebKit/537.36 (KHTML, like Gecko) Chrome/141.0.0.0 Safari/537.36","time":"2025-11-03T20:35:00.779Z","method":"GET","resource":"/.well-known/appspecific/com.chrome.devtools.json","version":"1.1","status":200}
{"agent":"Mozilla/5.0 (Windows NT 10.0; Win64; x64) AppleWebKit/537.36 (KHTML, like Gecko) Chrome/141.0.0.0 Safari/537.36","time":"2025-11-03T20:35:00.790Z","method":"GET","resource":"/.well-known/appspecific/com.chrome.devtools.json","version":"1.1","status":200}
{"agent":"Mozilla/5.0 (Windows NT 10.0; Win64; x64) AppleWebKit/537.36 (KHTML, like Gecko) Chrome/141.0.0.0 Safari/537.36","time":"2025-11-03T20:35:00.790Z","method":"GET","resource":"/favicon.ico","version":"1.1","status":200}
{"agent":"Mozilla/5.0 (Windows NT 10.0; Win64; x64) AppleWebKit/537.36 (KHTML, like Gecko) Chrome/141.0.0.0 Safari/537.36","time":"2025-11-03T20:35:00.790Z","method":"GET","resource":"/.well-known/appspecific/com.chrome.devtools.json","version":"1.1","status":200}
{"agent":"Mozilla/5.0 (Windows NT 10.0; Win64; x64) AppleWebKit/537.36 (KHTML, like Gecko) Chrome/141.0.0.0 Safari/537.36","time":"2025-11-03T20:35:00.790Z","method":"GET","resource":"/favicon.ico","version":"1.1","status":200}
{"agent":"Mozilla/5.0 (Windows NT 10.0; Win64; x64) AppleWebKit/537.36 (KHTML, like Gecko) Chrome/141.0.0.0 Safari/537.36","time":"2025-11-03T20:35:00.790Z","method":"GET","resource":"/favicon.ico","version":"1.1","status":200}
node-superagent/2.3.0,2025-11-03T20:35:17.370Z,GET,/,HTTP/1.1,200
node-superagent/2.3.0,2025-11-03T20:35:17.375Z,GET,/,HTTP/1.1,200
node-superagent/2.3.0,2025-11-03T20:35:17.377Z,GET,/,HTTP/1.1,200
node-superagent/2.3.0,2025-11-03T20:35:17.380Z,GET,/,HTTP/1.1,200
node-superagent/2.3.0,2025-11-03T20:35:17.382Z,GET,/,HTTP/1.1,200
node-superagent/2.3.0,2025-11-03T20:35:17.383Z,GET,/,HTTP/1.1,200
node-superagent/2.3.0,2025-11-03T20:35:17.385Z,GET,/,HTTP/1.1,200
node-superagent/2.3.0,2025-11-03T20:35:17.387Z,GET,/,HTTP/1.1,200
node-superagent/2.3.0,2025-11-03T20:35:17.390Z,GET,/logs,HTTP/1.1,200
node-superagent/2.3.0,2025-11-03T20:35:17.392Z,GET,/logs,HTTP/1.1,200
{"agent":"Mozilla/5.0 (Windows NT 10.0; Win64; x64) AppleWebKit/537.36 (KHTML, like Gecko) Chrome/141.0.0.0 Safari/537.36","time":"2025-11-03T20:36:00.064Z","method":"GET","resource":"/favicon.ico","version":"1.1","status":200}
{"agent":"Mozilla/5.0 (Windows NT 10.0; Win64; x64) AppleWebKit/537.36 (KHTML, like Gecko) Chrome/141.0.0.0 Safari/537.36","time":"2025-11-03T20:35:00.790Z","method":"GET","resource":"/favicon.ico","version":"1.1","status":200}
{"agent":"Mozilla/5.0 (Windows NT 10.0; Win64; x64) AppleWebKit/537.36 (KHTML, like Gecko) Chrome/141.0.0.0 Safari/537.36","time":"2025-11-03T20:36:00.064Z","method":"GET","resource":"/favicon.ico","version":"1.1","status":200}
{"agent":"Mozilla/5.0 (Windows NT 10.0; Win64; x64) AppleWebKit/537.36 (KHTML, like Gecko) Chrome/141.0.0.0 Safari/537.36","time":"2025-11-03T20:36:00.064Z","method":"GET","resource":"/logs","version":"1.1","status":200}
{"agent":"Mozilla/5.0 (Windows NT 10.0; Win64; x64) AppleWebKit/537.36 (KHTML, like Gecko) Chrome/141.0.0.0 Safari/537.36","time":"2025-11-03T20:36:00.064Z","method":"GET","resource":"/logs","version":"1.1","status":200}
{"agent":"Mozilla/5.0 (Windows NT 10.0; Win64; x64) AppleWebKit/537.36 (KHTML, like Gecko) Chrome/141.0.0.0 Safari/537.36","time":"2025-11-03T20:36:00.064Z","method":"GET","resource":"/logs","version":"1.1","status":200}
node-superagent/2.3.0,2025-11-03T20:37:53.562Z,GET,/,HTTP/1.1,200
node-superagent/2.3.0,2025-11-03T20:37:53.567Z,GET,/,HTTP/1.1,200
node-superagent/2.3.0,2025-11-03T20:37:53.570Z,GET,/,HTTP/1.1,200
node-superagent/2.3.0,2025-11-03T20:37:53.573Z,GET,/,HTTP/1.1,200
node-superagent/2.3.0,2025-11-03T20:37:53.574Z,GET,/,HTTP/1.1,200
node-superagent/2.3.0,2025-11-03T20:37:53.576Z,GET,/,HTTP/1.1,200
node-superagent/2.3.0,2025-11-03T20:37:53.578Z,GET,/,HTTP/1.1,200
node-superagent/2.3.0,2025-11-03T20:37:53.579Z,GET,/,HTTP/1.1,200
node-superagent/2.3.0,2025-11-03T20:38:56.330Z,GET,/,HTTP/1.1,200
node-superagent/2.3.0,2025-11-03T20:38:56.335Z,GET,/,HTTP/1.1,200
node-superagent/2.3.0,2025-11-03T20:38:56.337Z,GET,/,HTTP/1.1,200
node-superagent/2.3.0,2025-11-03T20:38:56.340Z,GET,/,HTTP/1.1,200
node-superagent/2.3.0,2025-11-03T20:38:56.342Z,GET,/,HTTP/1.1,200
node-superagent/2.3.0,2025-11-03T20:38:56.344Z,GET,/,HTTP/1.1,200
node-superagent/2.3.0,2025-11-03T20:38:56.346Z,GET,/,HTTP/1.1,200
node-superagent/2.3.0,2025-11-03T20:38:56.347Z,GET,/,HTTP/1.1,200
node-superagent/2.3.0,2025-11-03T20:38:56.350Z,GET,/logs,HTTP/1.1,500
node-superagent/2.3.0,2025-11-03T20:38:56.353Z,GET,/logs,HTTP/1.1,500
node-superagent/2.3.0,2025-11-03T20:40:18.861Z,GET,/,HTTP/1.1,200
node-superagent/2.3.0,2025-11-03T20:40:18.866Z,GET,/,HTTP/1.1,200
node-superagent/2.3.0,2025-11-03T20:40:18.868Z,GET,/,HTTP/1.1,200
node-superagent/2.3.0,2025-11-03T20:40:18.871Z,GET,/,HTTP/1.1,200
node-superagent/2.3.0,2025-11-03T20:40:18.873Z,GET,/,HTTP/1.1,200
node-superagent/2.3.0,2025-11-03T20:40:18.875Z,GET,/,HTTP/1.1,200
node-superagent/2.3.0,2025-11-03T20:40:18.876Z,GET,/,HTTP/1.1,200
node-superagent/2.3.0,2025-11-03T20:40:18.878Z,GET,/,HTTP/1.1,200
node-superagent/2.3.0,2025-11-03T20:40:18.881Z,GET,/logs,HTTP/1.1,500
node-superagent/2.3.0,2025-11-03T20:40:18.885Z,GET,/logs,HTTP/1.1,500
node-superagent/2.3.0,2025-11-03T20:40:37.162Z,GET,/,HTTP/1.1,200
node-superagent/2.3.0,2025-11-03T20:40:37.167Z,GET,/,HTTP/1.1,200
node-superagent/2.3.0,2025-11-03T20:40:37.170Z,GET,/,HTTP/1.1,200
node-superagent/2.3.0,2025-11-03T20:40:37.173Z,GET,/,HTTP/1.1,200
node-superagent/2.3.0,2025-11-03T20:40:37.175Z,GET,/,HTTP/1.1,200
node-superagent/2.3.0,2025-11-03T20:40:37.177Z,GET,/,HTTP/1.1,200
node-superagent/2.3.0,2025-11-03T20:40:37.178Z,GET,/,HTTP/1.1,200
node-superagent/2.3.0,2025-11-03T20:40:37.180Z,GET,/,HTTP/1.1,200
node-superagent/2.3.0,2025-11-03T20:40:37.184Z,GET,/logs,HTTP/1.1,500
node-superagent/2.3.0,2025-11-03T20:40:37.187Z,GET,/logs,HTTP/1.1,500
node-superagent/2.3.0,2025-11-03T20:41:28.051Z,GET,/,HTTP/1.1,200
node-superagent/2.3.0,2025-11-03T20:41:28.056Z,GET,/,HTTP/1.1,200
node-superagent/2.3.0,2025-11-03T20:41:28.058Z,GET,/,HTTP/1.1,200
node-superagent/2.3.0,2025-11-03T20:41:28.062Z,GET,/,HTTP/1.1,200
node-superagent/2.3.0,2025-11-03T20:41:28.063Z,GET,/,HTTP/1.1,200
node-superagent/2.3.0,2025-11-03T20:41:28.065Z,GET,/,HTTP/1.1,200
node-superagent/2.3.0,2025-11-03T20:41:28.067Z,GET,/,HTTP/1.1,200
node-superagent/2.3.0,2025-11-03T20:41:28.069Z,GET,/,HTTP/1.1,200
node-superagent/2.3.0,2025-11-03T20:41:28.072Z,GET,/logs,HTTP/1.1,500
node-superagent/2.3.0,2025-11-03T20:41:28.075Z,GET,/logs,HTTP/1.1,500
node-superagent/2.3.0,2025-11-03T20:41:41.560Z,GET,/,HTTP/1.1,200
node-superagent/2.3.0,2025-11-03T20:41:41.565Z,GET,/,HTTP/1.1,200
node-superagent/2.3.0,2025-11-03T20:41:41.567Z,GET,/,HTTP/1.1,200
node-superagent/2.3.0,2025-11-03T20:41:41.570Z,GET,/,HTTP/1.1,200
node-superagent/2.3.0,2025-11-03T20:41:41.573Z,GET,/,HTTP/1.1,200
node-superagent/2.3.0,2025-11-03T20:41:41.574Z,GET,/,HTTP/1.1,200
node-superagent/2.3.0,2025-11-03T20:41:41.576Z,GET,/,HTTP/1.1,200
node-superagent/2.3.0,2025-11-03T20:41:41.578Z,GET,/,HTTP/1.1,200
node-superagent/2.3.0,2025-11-03T20:41:41.580Z,GET,/logs,HTTP/1.1,200
node-superagent/2.3.0,2025-11-03T20:41:41.583Z,GET,/logs,HTTP/1.1,200
node-superagent/2.3.0,2025-11-03T20:42:10.186Z,GET,/,HTTP/1.1,200
node-superagent/2.3.0,2025-11-03T20:42:10.190Z,GET,/,HTTP/1.1,200
node-superagent/2.3.0,2025-11-03T20:42:10.193Z,GET,/,HTTP/1.1,200
node-superagent/2.3.0,2025-11-03T20:42:10.196Z,GET,/,HTTP/1.1,200
node-superagent/2.3.0,2025-11-03T20:42:10.198Z,GET,/,HTTP/1.1,200
node-superagent/2.3.0,2025-11-03T20:42:10.200Z,GET,/,HTTP/1.1,200
node-superagent/2.3.0,2025-11-03T20:42:10.201Z,GET,/,HTTP/1.1,200
node-superagent/2.3.0,2025-11-03T20:42:10.203Z,GET,/,HTTP/1.1,200
node-superagent/2.3.0,2025-11-03T20:42:10.206Z,GET,/logs,HTTP/1.1,500
node-superagent/2.3.0,2025-11-03T20:42:10.209Z,GET,/logs,HTTP/1.1,500
node-superagent/2.3.0,2025-11-03T20:44:05.973Z,GET,/,HTTP/1.1,200
node-superagent/2.3.0,2025-11-03T20:44:05.979Z,GET,/,HTTP/1.1,200
node-superagent/2.3.0,2025-11-03T20:44:05.982Z,GET,/,HTTP/1.1,200
node-superagent/2.3.0,2025-11-03T20:44:05.985Z,GET,/,HTTP/1.1,200
node-superagent/2.3.0,2025-11-03T20:44:05.986Z,GET,/,HTTP/1.1,200
node-superagent/2.3.0,2025-11-03T20:44:05.988Z,GET,/,HTTP/1.1,200
node-superagent/2.3.0,2025-11-03T20:44:05.990Z,GET,/,HTTP/1.1,200
node-superagent/2.3.0,2025-11-03T20:44:05.992Z,GET,/,HTTP/1.1,200
node-superagent/2.3.0,2025-11-03T20:44:05.993Z,GET,/logs,HTTP/1.1,200
node-superagent/2.3.0,2025-11-03T20:44:05.997Z,GET,/logs,HTTP/1.1,200
node-superagent/2.3.0,2025-11-03T20:44:23.801Z,GET,/,HTTP/1.1,200
node-superagent/2.3.0,2025-11-03T20:44:23.808Z,GET,/,HTTP/1.1,200
node-superagent/2.3.0,2025-11-03T20:44:23.810Z,GET,/,HTTP/1.1,200
node-superagent/2.3.0,2025-11-03T20:44:23.813Z,GET,/,HTTP/1.1,200
node-superagent/2.3.0,2025-11-03T20:44:23.815Z,GET,/,HTTP/1.1,200
node-superagent/2.3.0,2025-11-03T20:44:23.816Z,GET,/,HTTP/1.1,200
node-superagent/2.3.0,2025-11-03T20:44:23.818Z,GET,/,HTTP/1.1,200
node-superagent/2.3.0,2025-11-03T20:44:23.820Z,GET,/,HTTP/1.1,200
node-superagent/2.3.0,2025-11-03T20:44:23.822Z,GET,/logs,HTTP/1.1,200
node-superagent/2.3.0,2025-11-03T20:44:23.825Z,GET,/logs,HTTP/1.1,200
node-superagent/2.3.0,2025-11-03T20:47:32.659Z,GET,/,HTTP/1.1,200
node-superagent/2.3.0,2025-11-03T20:47:32.666Z,GET,/,HTTP/1.1,200
node-superagent/2.3.0,2025-11-03T20:47:32.668Z,GET,/,HTTP/1.1,200
node-superagent/2.3.0,2025-11-03T20:47:32.671Z,GET,/,HTTP/1.1,200
node-superagent/2.3.0,2025-11-03T20:47:32.673Z,GET,/,HTTP/1.1,200
node-superagent/2.3.0,2025-11-03T20:47:32.675Z,GET,/,HTTP/1.1,200
node-superagent/2.3.0,2025-11-03T20:47:32.677Z,GET,/,HTTP/1.1,200
node-superagent/2.3.0,2025-11-03T20:47:32.679Z,GET,/,HTTP/1.1,200
node-superagent/2.3.0,2025-11-03T20:47:32.681Z,GET,/logs,HTTP/1.1,200
node-superagent/2.3.0,2025-11-03T20:47:32.684Z,GET,/logs,HTTP/1.1,200
node-superagent/2.3.0,2025-11-03T20:49:03.217Z,GET,/,HTTP/1.1,200
node-superagent/2.3.0,2025-11-03T20:49:03.224Z,GET,/,HTTP/1.1,200
node-superagent/2.3.0,2025-11-03T20:49:03.227Z,GET,/,HTTP/1.1,200
node-superagent/2.3.0,2025-11-03T20:49:03.229Z,GET,/,HTTP/1.1,200
node-superagent/2.3.0,2025-11-03T20:49:03.231Z,GET,/,HTTP/1.1,200
node-superagent/2.3.0,2025-11-03T20:49:03.233Z,GET,/,HTTP/1.1,200
node-superagent/2.3.0,2025-11-03T20:49:03.235Z,GET,/,HTTP/1.1,200
node-superagent/2.3.0,2025-11-03T20:49:03.237Z,GET,/,HTTP/1.1,200
node-superagent/2.3.0,2025-11-03T20:49:03.239Z,GET,/logs,HTTP/1.1,200
node-superagent/2.3.0,2025-11-03T20:49:03.242Z,GET,/logs,HTTP/1.1,200
node-superagent/2.3.0,2025-11-03T20:49:28.304Z,GET,/,HTTP/1.1,200
node-superagent/2.3.0,2025-11-03T20:49:28.310Z,GET,/,HTTP/1.1,200
node-superagent/2.3.0,2025-11-03T20:49:28.312Z,GET,/,HTTP/1.1,200
node-superagent/2.3.0,2025-11-03T20:49:28.316Z,GET,/,HTTP/1.1,200
node-superagent/2.3.0,2025-11-03T20:49:28.318Z,GET,/,HTTP/1.1,200
node-superagent/2.3.0,2025-11-03T20:49:28.320Z,GET,/,HTTP/1.1,200
node-superagent/2.3.0,2025-11-03T20:49:28.321Z,GET,/,HTTP/1.1,200
node-superagent/2.3.0,2025-11-03T20:49:28.323Z,GET,/,HTTP/1.1,200
node-superagent/2.3.0,2025-11-03T20:49:28.325Z,GET,/logs,HTTP/1.1,200
node-superagent/2.3.0,2025-11-03T20:49:28.328Z,GET,/logs,HTTP/1.1,200
node-superagent/2.3.0,2025-11-03T20:50:59.833Z,GET,/,HTTP/1.1,200
node-superagent/2.3.0,2025-11-03T20:50:59.839Z,GET,/,HTTP/1.1,200
node-superagent/2.3.0,2025-11-03T20:50:59.842Z,GET,/,HTTP/1.1,200
node-superagent/2.3.0,2025-11-03T20:50:59.846Z,GET,/,HTTP/1.1,200
node-superagent/2.3.0,2025-11-03T20:50:59.848Z,GET,/,HTTP/1.1,200
node-superagent/2.3.0,2025-11-03T20:50:59.850Z,GET,/,HTTP/1.1,200
node-superagent/2.3.0,2025-11-03T20:50:59.851Z,GET,/,HTTP/1.1,200
node-superagent/2.3.0,2025-11-03T20:50:59.853Z,GET,/,HTTP/1.1,200
node-superagent/2.3.0,2025-11-03T20:50:59.855Z,GET,/logs,HTTP/1.1,200
node-superagent/2.3.0,2025-11-03T20:50:59.858Z,GET,/logs,HTTP/1.1,200
node-superagent/2.3.0,2025-11-03T20:51:40.843Z,GET,/,HTTP/1.1,200
node-superagent/2.3.0,2025-11-03T20:51:40.849Z,GET,/,HTTP/1.1,200
node-superagent/2.3.0,2025-11-03T20:51:40.851Z,GET,/,HTTP/1.1,200
node-superagent/2.3.0,2025-11-03T20:51:40.854Z,GET,/,HTTP/1.1,200
node-superagent/2.3.0,2025-11-03T20:51:40.856Z,GET,/,HTTP/1.1,200
node-superagent/2.3.0,2025-11-03T20:51:40.858Z,GET,/,HTTP/1.1,200
node-superagent/2.3.0,2025-11-03T20:51:40.859Z,GET,/,HTTP/1.1,200
node-superagent/2.3.0,2025-11-03T20:51:40.861Z,GET,/,HTTP/1.1,200
node-superagent/2.3.0,2025-11-03T20:51:40.863Z,GET,/logs,HTTP/1.1,200
node-superagent/2.3.0,2025-11-03T20:51:40.866Z,GET,/logs,HTTP/1.1,200
node-superagent/2.3.0,2025-11-03T20:51:53.122Z,GET,/,HTTP/1.1,200
node-superagent/2.3.0,2025-11-03T20:51:53.129Z,GET,/,HTTP/1.1,200
node-superagent/2.3.0,2025-11-03T20:51:53.131Z,GET,/,HTTP/1.1,200
node-superagent/2.3.0,2025-11-03T20:51:53.134Z,GET,/,HTTP/1.1,200
node-superagent/2.3.0,2025-11-03T20:51:53.136Z,GET,/,HTTP/1.1,200
node-superagent/2.3.0,2025-11-03T20:51:53.138Z,GET,/,HTTP/1.1,200
node-superagent/2.3.0,2025-11-03T20:51:53.140Z,GET,/,HTTP/1.1,200
node-superagent/2.3.0,2025-11-03T20:51:53.142Z,GET,/,HTTP/1.1,200
node-superagent/2.3.0,2025-11-03T20:51:53.144Z,GET,/logs,HTTP/1.1,200
node-superagent/2.3.0,2025-11-03T20:51:53.146Z,GET,/logs,HTTP/1.1,200
node-superagent/2.3.0,2025-11-03T20:51:57.628Z,GET,/,HTTP/1.1,200
node-superagent/2.3.0,2025-11-03T20:51:57.635Z,GET,/,HTTP/1.1,200
node-superagent/2.3.0,2025-11-03T20:51:57.637Z,GET,/,HTTP/1.1,200
node-superagent/2.3.0,2025-11-03T20:51:57.641Z,GET,/,HTTP/1.1,200
node-superagent/2.3.0,2025-11-03T20:51:57.643Z,GET,/,HTTP/1.1,200
node-superagent/2.3.0,2025-11-03T20:51:57.645Z,GET,/,HTTP/1.1,200
node-superagent/2.3.0,2025-11-03T20:51:57.646Z,GET,/,HTTP/1.1,200
node-superagent/2.3.0,2025-11-03T20:51:57.648Z,GET,/,HTTP/1.1,200
node-superagent/2.3.0,2025-11-03T20:51:57.650Z,GET,/logs,HTTP/1.1,200
node-superagent/2.3.0,2025-11-03T20:51:57.653Z,GET,/logs,HTTP/1.1,200
node-superagent/2.3.0,2025-11-03T20:52:11.579Z,GET,/,HTTP/1.1,200
node-superagent/2.3.0,2025-11-03T20:52:11.585Z,GET,/,HTTP/1.1,200
node-superagent/2.3.0,2025-11-03T20:52:11.587Z,GET,/,HTTP/1.1,200
node-superagent/2.3.0,2025-11-03T20:52:11.591Z,GET,/,HTTP/1.1,200
node-superagent/2.3.0,2025-11-03T20:52:11.592Z,GET,/,HTTP/1.1,200
node-superagent/2.3.0,2025-11-03T20:52:11.594Z,GET,/,HTTP/1.1,200
node-superagent/2.3.0,2025-11-03T20:52:11.596Z,GET,/,HTTP/1.1,200
node-superagent/2.3.0,2025-11-03T20:52:11.598Z,GET,/,HTTP/1.1,200
node-superagent/2.3.0,2025-11-03T20:52:11.599Z,GET,/logs,HTTP/1.1,200
node-superagent/2.3.0,2025-11-03T20:52:11.603Z,GET,/logs,HTTP/1.1,200
node-superagent/2.3.0,2025-11-03T20:52:16.215Z,GET,/,HTTP/1.1,200
node-superagent/2.3.0,2025-11-03T20:52:16.221Z,GET,/,HTTP/1.1,200
node-superagent/2.3.0,2025-11-03T20:52:16.223Z,GET,/,HTTP/1.1,200
node-superagent/2.3.0,2025-11-03T20:52:16.226Z,GET,/,HTTP/1.1,200
node-superagent/2.3.0,2025-11-03T20:52:16.228Z,GET,/,HTTP/1.1,200
node-superagent/2.3.0,2025-11-03T20:52:16.230Z,GET,/,HTTP/1.1,200
node-superagent/2.3.0,2025-11-03T20:52:16.231Z,GET,/,HTTP/1.1,200
node-superagent/2.3.0,2025-11-03T20:52:16.233Z,GET,/,HTTP/1.1,200
node-superagent/2.3.0,2025-11-03T20:52:16.235Z,GET,/logs,HTTP/1.1,200
node-superagent/2.3.0,2025-11-03T20:52:16.238Z,GET,/logs,HTTP/1.1,200
node-superagent/2.3.0,2025-11-03T20:54:10.844Z,GET,/,HTTP/1.1,200
node-superagent/2.3.0,2025-11-03T20:54:10.850Z,GET,/,HTTP/1.1,200
node-superagent/2.3.0,2025-11-03T20:54:10.852Z,GET,/,HTTP/1.1,200
node-superagent/2.3.0,2025-11-03T20:54:10.855Z,GET,/,HTTP/1.1,200
node-superagent/2.3.0,2025-11-03T20:54:10.857Z,GET,/,HTTP/1.1,200
node-superagent/2.3.0,2025-11-03T20:54:10.859Z,GET,/,HTTP/1.1,200
node-superagent/2.3.0,2025-11-03T20:54:10.861Z,GET,/,HTTP/1.1,200
node-superagent/2.3.0,2025-11-03T20:54:10.863Z,GET,/,HTTP/1.1,200
node-superagent/2.3.0,2025-11-03T20:54:10.865Z,GET,/logs,HTTP/1.1,200
node-superagent/2.3.0,2025-11-03T20:54:10.869Z,GET,/logs,HTTP/1.1,200
{"agent":"Mozilla/5.0 (Windows NT 10.0; Win64; x64) AppleWebKit/537.36 (KHTML, like Gecko) Chrome/141.0.0.0 Safari/537.36","time":"2025-11-03T20:36:00.064Z","method":"GET","resource":"/logs","version":"1.1","status":200}
{"agent":"Mozilla/5.0 (Windows NT 10.0; Win64; x64) AppleWebKit/537.36 (KHTML, like Gecko) Chrome/141.0.0.0 Safari/537.36","time":"2025-11-03T20:54:42.731Z","method":"GET","resource":"/logs","version":"1.1","status":200}
{"agent":"Mozilla/5.0 (Windows NT 10.0; Win64; x64) AppleWebKit/537.36 (KHTML, like Gecko) Chrome/141.0.0.0 Safari/537.36","time":"2025-11-03T20:54:42.731Z","method":"GET","resource":"/logs","version":"1.1","status":200}
{"agent":"Mozilla/5.0 (Windows NT 10.0; Win64; x64) AppleWebKit/537.36 (KHTML, like Gecko) Chrome/141.0.0.0 Safari/537.36","time":"2025-11-03T20:54:42.731Z","method":"GET","resource":"/","version":"1.1","status":200}
{"agent":"Mozilla/5.0 (Windows NT 10.0; Win64; x64) AppleWebKit/537.36 (KHTML, like Gecko) Chrome/141.0.0.0 Safari/537.36","time":"2025-11-03T20:54:42.731Z","method":"GET","resource":"/","version":"1.1","status":200}
{"agent":"Mozilla/5.0 (Windows NT 10.0; Win64; x64) AppleWebKit/537.36 (KHTML, like Gecko) Chrome/141.0.0.0 Safari/537.36","time":"2025-11-03T20:54:42.731Z","method":"GET","resource":"/","version":"1.1","status":304}
{"agent":"Mozilla/5.0 (Windows NT 10.0; Win64; x64) AppleWebKit/537.36 (KHTML, like Gecko) Chrome/141.0.0.0 Safari/537.36","time":"2025-11-03T20:54:42.731Z","method":"GET","resource":"/","version":"1.1","status":304}
{"agent":"Mozilla/5.0 (Windows NT 10.0; Win64; x64) AppleWebKit/537.36 (KHTML, like Gecko) Chrome/141.0.0.0 Safari/537.36","time":"2025-11-03T20:54:42.742Z","method":"GET","resource":"/","version":"1.1","status":304}
{"agent":"Mozilla/5.0 (Windows NT 10.0; Win64; x64) AppleWebKit/537.36 (KHTML, like Gecko) Chrome/141.0.0.0 Safari/537.36","time":"2025-11-03T20:54:42.742Z","method":"GET","resource":"/.well-known/appspecific/com.chrome.devtools.json","version":"1.1","status":304}
{"agent":"Mozilla/5.0 (Windows NT 10.0; Win64; x64) AppleWebKit/537.36 (KHTML, like Gecko) Chrome/141.0.0.0 Safari/537.36","time":"2025-11-03T20:54:42.742Z","method":"GET","resource":"/.well-known/appspecific/com.chrome.devtools.json","version":"1.1","status":304}
{"agent":"Mozilla/5.0 (Windows NT 10.0; Win64; x64) AppleWebKit/537.36 (KHTML, like Gecko) Chrome/141.0.0.0 Safari/537.36","time":"2025-11-03T20:54:42.742Z","method":"GET","resource":"/","version":"1.1","status":304}
{"agent":"Mozilla/5.0 (Windows NT 10.0; Win64; x64) AppleWebKit/537.36 (KHTML, like Gecko) Chrome/141.0.0.0 Safari/537.36","time":"2025-11-03T20:54:42.742Z","method":"GET","resource":"/.well-known/appspecific/com.chrome.devtools.json","version":"1.1","status":200}
{"agent":"Mozilla/5.0 (Windows NT 10.0; Win64; x64) AppleWebKit/537.36 (KHTML, like Gecko) Chrome/141.0.0.0 Safari/537.36","time":"2025-11-03T20:54:42.742Z","method":"GET","resource":"/.well-known/appspecific/com.chrome.devtools.json","version":"1.1","status":200}
{"agent":"Mozilla/5.0 (Windows NT 10.0; Win64; x64) AppleWebKit/537.36 (KHTML, like Gecko) Chrome/141.0.0.0 Safari/537.36","time":"2025-11-03T20:54:45.671Z","method":"GET","resource":"/","version":"1.1","status":200}
{"agent":"Mozilla/5.0 (Windows NT 10.0; Win64; x64) AppleWebKit/537.36 (KHTML, like Gecko) Chrome/141.0.0.0 Safari/537.36","time":"2025-11-03T20:54:45.671Z","method":"GET","resource":"/","version":"1.1","status":200}
{"agent":"Mozilla/5.0 (Windows NT 10.0; Win64; x64) AppleWebKit/537.36 (KHTML, like Gecko) Chrome/141.0.0.0 Safari/537.36","time":"2025-11-03T20:54:45.671Z","method":"GET","resource":"/","version":"1.1","status":200}
{"agent":"Mozilla/5.0 (Windows NT 10.0; Win64; x64) AppleWebKit/537.36 (KHTML, like Gecko) Chrome/141.0.0.0 Safari/537.36","time":"2025-11-03T20:54:45.671Z","method":"GET","resource":"/.well-known/appspecific/com.chrome.devtools.json","version":"1.1","status":200}
{"agent":"Mozilla/5.0 (Windows NT 10.0; Win64; x64) AppleWebKit/537.36 (KHTML, like Gecko) Chrome/141.0.0.0 Safari/537.36","time":"2025-11-03T20:54:45.671Z","method":"GET","resource":"/.well-known/appspecific/com.chrome.devtools.json","version":"1.1","status":200}
{"agent":"Mozilla/5.0 (Windows NT 10.0; Win64; x64) AppleWebKit/537.36 (KHTML, like Gecko) Chrome/141.0.0.0 Safari/537.36","time":"2025-11-03T20:54:45.671Z","method":"GET","resource":"/","version":"1.1","status":200}
{"agent":"Mozilla/5.0 (Windows NT 10.0; Win64; x64) AppleWebKit/537.36 (KHTML, like Gecko) Chrome/141.0.0.0 Safari/537.36","time":"2025-11-03T20:54:45.680Z","method":"GET","resource":"/.well-known/appspecific/com.chrome.devtools.json","version":"1.1","status":200}
{"agent":"Mozilla/5.0 (Windows NT 10.0; Win64; x64) AppleWebKit/537.36 (KHTML, like Gecko) Chrome/141.0.0.0 Safari/537.36","time":"2025-11-03T20:54:45.680Z","method":"GET","resource":"/","version":"1.1","status":200}
{"agent":"Mozilla/5.0 (Windows NT 10.0; Win64; x64) AppleWebKit/537.36 (KHTML, like Gecko) Chrome/141.0.0.0 Safari/537.36","time":"2025-11-03T20:54:45.680Z","method":"GET","resource":"/.well-known/appspecific/com.chrome.devtools.json","version":"1.1","status":200}
{"agent":"Mozilla/5.0 (Windows NT 10.0; Win64; x64) AppleWebKit/537.36 (KHTML, like Gecko) Chrome/141.0.0.0 Safari/537.36","time":"2025-11-03T20:54:45.680Z","method":"GET","resource":"/.well-known/appspecific/com.chrome.devtools.json","version":"1.1","status":200}
{"agent":"Mozilla/5.0 (Windows NT 10.0; Win64; x64) AppleWebKit/537.36 (KHTML, like Gecko) Chrome/141.0.0.0 Safari/537.36","time":"2025-11-03T20:54:45.680Z","method":"GET","resource":"/","version":"1.1","status":200}
{"agent":"Mozilla/5.0 (Windows NT 10.0; Win64; x64) AppleWebKit/537.36 (KHTML, like Gecko) Chrome/141.0.0.0 Safari/537.36","time":"2025-11-03T20:54:45.691Z","method":"GET","resource":"/.well-known/appspecific/com.chrome.devtools.json","version":"1.1","status":200}
{"agent":"Mozilla/5.0 (Windows NT 10.0; Win64; x64) AppleWebKit/537.36 (KHTML, like Gecko) Chrome/141.0.0.0 Safari/537.36","time":"2025-11-03T20:54:45.680Z","method":"GET","resource":"/.well-known/appspecific/com.chrome.devtools.json","version":"1.1","status":200}
{"agent":"Mozilla/5.0 (Windows NT 10.0; Win64; x64) AppleWebKit/537.36 (KHTML, like Gecko) Chrome/141.0.0.0 Safari/537.36","time":"2025-11-03T20:54:45.691Z","method":"GET","resource":"/favicon.ico","version":"1.1","status":200}
{"agent":"Mozilla/5.0 (Windows NT 10.0; Win64; x64) AppleWebKit/537.36 (KHTML, like Gecko) Chrome/141.0.0.0 Safari/537.36","time":"2025-11-03T20:54:45.691Z","method":"GET","resource":"/.well-known/appspecific/com.chrome.devtools.json","version":"1.1","status":200}
{"agent":"Mozilla/5.0 (Windows NT 10.0; Win64; x64) AppleWebKit/537.36 (KHTML, like Gecko) Chrome/141.0.0.0 Safari/537.36","time":"2025-11-03T20:54:45.691Z","method":"GET","resource":"/favicon.ico","version":"1.1","status":200}
{"agent":"Mozilla/5.0 (Windows NT 10.0; Win64; x64) AppleWebKit/537.36 (KHTML, like Gecko) Chrome/141.0.0.0 Safari/537.36","time":"2025-11-03T20:54:45.691Z","method":"GET","resource":"/favicon.ico","version":"1.1","status":200}
{"agent":"Mozilla/5.0 (Windows NT 10.0; Win64; x64) AppleWebKit/537.36 (KHTML, like Gecko) Chrome/141.0.0.0 Safari/537.36","time":"2025-11-03T20:54:45.691Z","method":"GET","resource":"/favicon.ico","version":"1.1","status":200}
{"agent":"Mozilla/5.0 (Windows NT 10.0; Win64; x64) AppleWebKit/537.36 (KHTML, like Gecko) Chrome/141.0.0.0 Safari/537.36","time":"2025-11-03T20:54:59.032Z","method":"GET","resource":"/favicon.ico","version":"1.1","status":200}
{"agent":"Mozilla/5.0 (Windows NT 10.0; Win64; x64) AppleWebKit/537.36 (KHTML, like Gecko) Chrome/141.0.0.0 Safari/537.36","time":"2025-11-03T20:54:59.032Z","method":"GET","resource":"/favicon.ico","version":"1.1","status":200}
{"agent":"Mozilla/5.0 (Windows NT 10.0; Win64; x64) AppleWebKit/537.36 (KHTML, like Gecko) Chrome/141.0.0.0 Safari/537.36","time":"2025-11-03T20:54:59.032Z","method":"GET","resource":"/","version":"1.1","status":200}
{"agent":"Mozilla/5.0 (Windows NT 10.0; Win64; x64) AppleWebKit/537.36 (KHTML, like Gecko) Chrome/141.0.0.0 Safari/537.36","time":"2025-11-03T20:54:59.032Z","method":"GET","resource":"/","version":"1.1","status":200}
{"agent":"Mozilla/5.0 (Windows NT 10.0; Win64; x64) AppleWebKit/537.36 (KHTML, like Gecko) Chrome/141.0.0.0 Safari/537.36","time":"2025-11-03T20:54:59.032Z","method":"GET","resource":"/","version":"1.1","status":200}
{"agent":"Mozilla/5.0 (Windows NT 10.0; Win64; x64) AppleWebKit/537.36 (KHTML, like Gecko) Chrome/141.0.0.0 Safari/537.36","time":"2025-11-03T20:54:59.032Z","method":"GET","resource":"/","version":"1.1","status":200}
{"agent":"Mozilla/5.0 (Windows NT 10.0; Win64; x64) AppleWebKit/537.36 (KHTML, like Gecko) Chrome/141.0.0.0 Safari/537.36","time":"2025-11-03T20:54:59.039Z","method":"GET","resource":"/.well-known/appspecific/com.chrome.devtools.json","version":"1.1","status":200}
{"agent":"Mozilla/5.0 (Windows NT 10.0; Win64; x64) AppleWebKit/537.36 (KHTML, like Gecko) Chrome/141.0.0.0 Safari/537.36","time":"2025-11-03T20:54:59.039Z","method":"GET","resource":"/.well-known/appspecific/com.chrome.devtools.json","version":"1.1","status":200}
{"agent":"Mozilla/5.0 (Windows NT 10.0; Win64; x64) AppleWebKit/537.36 (KHTML, like Gecko) Chrome/141.0.0.0 Safari/537.36","time":"2025-11-03T20:54:59.039Z","method":"GET","resource":"/","version":"1.1","status":200}
{"agent":"Mozilla/5.0 (Windows NT 10.0; Win64; x64) AppleWebKit/537.36 (KHTML, like Gecko) Chrome/141.0.0.0 Safari/537.36","time":"2025-11-03T20:54:59.039Z","method":"GET","resource":"/.well-known/appspecific/com.chrome.devtools.json","version":"1.1","status":200}
{"agent":"Mozilla/5.0 (Windows NT 10.0; Win64; x64) AppleWebKit/537.36 (KHTML, like Gecko) Chrome/141.0.0.0 Safari/537.36","time":"2025-11-03T20:54:59.039Z","method":"GET","resource":"/","version":"1.1","status":200}
{"agent":"Mozilla/5.0 (Windows NT 10.0; Win64; x64) AppleWebKit/537.36 (KHTML, like Gecko) Chrome/141.0.0.0 Safari/537.36","time":"2025-11-03T20:54:59.039Z","method":"GET","resource":"/.well-known/appspecific/com.chrome.devtools.json","version":"1.1","status":200}
{"agent":"Mozilla/5.0 (Windows NT 10.0; Win64; x64) AppleWebKit/537.36 (KHTML, like Gecko) Chrome/141.0.0.0 Safari/537.36","time":"2025-11-03T20:54:59.049Z","method":"GET","resource":"/.well-known/appspecific/com.chrome.devtools.json","version":"1.1","status":200}
{"agent":"Mozilla/5.0 (Windows NT 10.0; Win64; x64) AppleWebKit/537.36 (KHTML, like Gecko) Chrome/141.0.0.0 Safari/537.36","time":"2025-11-03T20:54:59.049Z","method":"GET","resource":"/favicon.ico","version":"1.1","status":200}
{"agent":"Mozilla/5.0 (Windows NT 10.0; Win64; x64) AppleWebKit/537.36 (KHTML, like Gecko) Chrome/141.0.0.0 Safari/537.36","time":"2025-11-03T20:54:59.049Z","method":"GET","resource":"/.well-known/appspecific/com.chrome.devtools.json","version":"1.1","status":200}
{"agent":"Mozilla/5.0 (Windows NT 10.0; Win64; x64) AppleWebKit/537.36 (KHTML, like Gecko) Chrome/141.0.0.0 Safari/537.36","time":"2025-11-03T20:54:59.049Z","method":"GET","resource":"/favicon.ico","version":"1.1","status":200}
{"agent":"Mozilla/5.0 (Windows NT 10.0; Win64; x64) AppleWebKit/537.36 (KHTML, like Gecko) Chrome/141.0.0.0 Safari/537.36","time":"2025-11-03T20:54:59.049Z","method":"GET","resource":"/favicon.ico","version":"1.1","status":200}
node-superagent/2.3.0,2025-11-03T20:56:03.116Z,GET,/,HTTP/1.1,200
node-superagent/2.3.0,2025-11-03T20:56:03.121Z,GET,/,HTTP/1.1,200
node-superagent/2.3.0,2025-11-03T20:56:03.124Z,GET,/,HTTP/1.1,200
node-superagent/2.3.0,2025-11-03T20:56:03.127Z,GET,/,HTTP/1.1,200
node-superagent/2.3.0,2025-11-03T20:56:03.129Z,GET,/,HTTP/1.1,200
node-superagent/2.3.0,2025-11-03T20:56:03.130Z,GET,/,HTTP/1.1,200
node-superagent/2.3.0,2025-11-03T20:56:03.132Z,GET,/,HTTP/1.1,200
node-superagent/2.3.0,2025-11-03T20:56:03.134Z,GET,/,HTTP/1.1,200
node-superagent/2.3.0,2025-11-03T20:56:03.136Z,GET,/logs,HTTP/1.1,200
node-superagent/2.3.0,2025-11-03T20:56:03.141Z,GET,/logs,HTTP/1.1,200
node-superagent/2.3.0,2025-11-03T20:56:21.889Z,GET,/,HTTP/1.1,200
node-superagent/2.3.0,2025-11-03T20:56:21.896Z,GET,/,HTTP/1.1,200
node-superagent/2.3.0,2025-11-03T20:56:21.898Z,GET,/,HTTP/1.1,200
node-superagent/2.3.0,2025-11-03T20:56:21.900Z,GET,/,HTTP/1.1,200
node-superagent/2.3.0,2025-11-03T20:56:21.901Z,GET,/,HTTP/1.1,200
node-superagent/2.3.0,2025-11-03T20:56:21.903Z,GET,/,HTTP/1.1,200
node-superagent/2.3.0,2025-11-03T20:56:21.905Z,GET,/,HTTP/1.1,200
node-superagent/2.3.0,2025-11-03T20:56:21.907Z,GET,/,HTTP/1.1,200
node-superagent/2.3.0,2025-11-03T20:56:21.909Z,GET,/logs,HTTP/1.1,200
node-superagent/2.3.0,2025-11-03T20:56:21.915Z,GET,/logs,HTTP/1.1,200
node-superagent/2.3.0,2025-11-03T20:56:29.262Z,GET,/,HTTP/1.1,200
node-superagent/2.3.0,2025-11-03T20:56:29.268Z,GET,/,HTTP/1.1,200
node-superagent/2.3.0,2025-11-03T20:56:29.271Z,GET,/,HTTP/1.1,200
node-superagent/2.3.0,2025-11-03T20:56:29.274Z,GET,/,HTTP/1.1,200
node-superagent/2.3.0,2025-11-03T20:56:29.276Z,GET,/,HTTP/1.1,200
node-superagent/2.3.0,2025-11-03T20:56:29.277Z,GET,/,HTTP/1.1,200
node-superagent/2.3.0,2025-11-03T20:56:29.279Z,GET,/,HTTP/1.1,200
node-superagent/2.3.0,2025-11-03T20:56:29.281Z,GET,/,HTTP/1.1,200
node-superagent/2.3.0,2025-11-03T20:56:29.283Z,GET,/logs,HTTP/1.1,200
node-superagent/2.3.0,2025-11-03T20:56:29.288Z,GET,/logs,HTTP/1.1,200
node-superagent/2.3.0,2025-11-03T20:56:44.720Z,GET,/,HTTP/1.1,200
node-superagent/2.3.0,2025-11-03T20:56:44.726Z,GET,/,HTTP/1.1,200
node-superagent/2.3.0,2025-11-03T20:56:44.728Z,GET,/,HTTP/1.1,200
node-superagent/2.3.0,2025-11-03T20:56:44.731Z,GET,/,HTTP/1.1,200
node-superagent/2.3.0,2025-11-03T20:56:44.733Z,GET,/,HTTP/1.1,200
node-superagent/2.3.0,2025-11-03T20:56:44.735Z,GET,/,HTTP/1.1,200
node-superagent/2.3.0,2025-11-03T20:56:44.737Z,GET,/,HTTP/1.1,200
node-superagent/2.3.0,2025-11-03T20:56:44.739Z,GET,/,HTTP/1.1,200
node-superagent/2.3.0,2025-11-03T20:56:44.741Z,GET,/logs,HTTP/1.1,200
node-superagent/2.3.0,2025-11-03T20:56:44.747Z,GET,/logs,HTTP/1.1,200
node-superagent/2.3.0,2025-11-03T20:56:49.300Z,GET,/,HTTP/1.1,200
node-superagent/2.3.0,2025-11-03T20:56:49.306Z,GET,/,HTTP/1.1,200
node-superagent/2.3.0,2025-11-03T20:56:49.308Z,GET,/,HTTP/1.1,200
node-superagent/2.3.0,2025-11-03T20:56:49.311Z,GET,/,HTTP/1.1,200
node-superagent/2.3.0,2025-11-03T20:56:49.313Z,GET,/,HTTP/1.1,200
node-superagent/2.3.0,2025-11-03T20:56:49.314Z,GET,/,HTTP/1.1,200
node-superagent/2.3.0,2025-11-03T20:56:49.316Z,GET,/,HTTP/1.1,200
node-superagent/2.3.0,2025-11-03T20:56:49.318Z,GET,/,HTTP/1.1,200
node-superagent/2.3.0,2025-11-03T20:56:49.319Z,GET,/logs,HTTP/1.1,200
node-superagent/2.3.0,2025-11-03T20:56:49.325Z,GET,/logs,HTTP/1.1,200
node-superagent/2.3.0,2025-11-03T22:37:19.472Z,GET,/,HTTP/1.1,200
node-superagent/2.3.0,2025-11-03T22:37:19.479Z,GET,/,HTTP/1.1,200
node-superagent/2.3.0,2025-11-03T22:37:19.481Z,GET,/,HTTP/1.1,200
node-superagent/2.3.0,2025-11-03T22:37:19.484Z,GET,/,HTTP/1.1,200
node-superagent/2.3.0,2025-11-03T22:37:19.486Z,GET,/,HTTP/1.1,200
node-superagent/2.3.0,2025-11-03T22:37:19.489Z,GET,/,HTTP/1.1,200
node-superagent/2.3.0,2025-11-03T22:37:19.491Z,GET,/,HTTP/1.1,200
node-superagent/2.3.0,2025-11-03T22:37:19.493Z,GET,/,HTTP/1.1,200
node-superagent/2.3.0,2025-11-03T22:37:19.495Z,GET,/logs,HTTP/1.1,200
node-superagent/2.3.0,2025-11-03T22:37:19.498Z,GET,/logs,HTTP/1.1,200
node-superagent/2.3.0,2025-11-03T22:46:27.649Z,GET,/,HTTP/1.1,200
node-superagent/2.3.0,2025-11-03T22:46:27.656Z,GET,/,HTTP/1.1,200
node-superagent/2.3.0,2025-11-03T22:46:27.658Z,GET,/,HTTP/1.1,200
node-superagent/2.3.0,2025-11-03T22:46:27.661Z,GET,/,HTTP/1.1,200
node-superagent/2.3.0,2025-11-03T22:46:27.663Z,GET,/,HTTP/1.1,200
node-superagent/2.3.0,2025-11-03T22:46:27.665Z,GET,/,HTTP/1.1,200
node-superagent/2.3.0,2025-11-03T22:46:27.667Z,GET,/,HTTP/1.1,200
node-superagent/2.3.0,2025-11-03T22:46:27.669Z,GET,/,HTTP/1.1,200
node-superagent/2.3.0,2025-11-03T22:46:27.671Z,GET,/logs,HTTP/1.1,200
node-superagent/2.3.0,2025-11-03T22:46:27.676Z,GET,/logs,HTTP/1.1,200
{"agent":"Mozilla/5.0 (Windows NT 10.0; Win64; x64) AppleWebKit/537.36 (KHTML, like Gecko) Chrome/141.0.0.0 Safari/537.36","time":"2025-11-03T20:54:59.049Z","method":"GET","resource":"/favicon.ico","version":"1.1","status":200}
{"agent":"Mozilla/5.0 (Windows NT 10.0; Win64; x64) AppleWebKit/537.36 (KHTML, like Gecko) Chrome/141.0.0.0 Safari/537.36","time":"2025-11-03T22:47:38.835Z","method":"GET","resource":"/favicon.ico","version":"1.1","status":200}
{"agent":"Mozilla/5.0 (Windows NT 10.0; Win64; x64) AppleWebKit/537.36 (KHTML, like Gecko) Chrome/141.0.0.0 Safari/537.36","time":"2025-11-03T22:47:38.835Z","method":"GET","resource":"/favicon.ico","version":"1.1","status":200}
{"agent":"Mozilla/5.0 (Windows NT 10.0; Win64; x64) AppleWebKit/537.36 (KHTML, like Gecko) Chrome/141.0.0.0 Safari/537.36","time":"2025-11-03T22:47:38.835Z","method":"GET","resource":"/logs","version":"1.1","status":200}
{"agent":"Mozilla/5.0 (Windows NT 10.0; Win64; x64) AppleWebKit/537.36 (KHTML, like Gecko) Chrome/141.0.0.0 Safari/537.36","time":"2025-11-03T22:47:38.835Z","method":"GET","resource":"/logs","version":"1.1","status":200}
{"agent":"Mozilla/5.0 (Windows NT 10.0; Win64; x64) AppleWebKit/537.36 (KHTML, like Gecko) Chrome/141.0.0.0 Safari/537.36","time":"2025-11-03T22:47:38.835Z","method":"GET","resource":"/logs","version":"1.1","status":200}
{"agent":"Mozilla/5.0 (Windows NT 10.0; Win64; x64) AppleWebKit/537.36 (KHTML, like Gecko) Chrome/141.0.0.0 Safari/537.36","time":"2025-11-03T22:47:38.835Z","method":"GET","resource":"/logs","version":"1.1","status":200}
{"agent":"Mozilla/5.0 (Windows NT 10.0; Win64; x64) AppleWebKit/537.36 (KHTML, like Gecko) Chrome/141.0.0.0 Safari/537.36","time":"2025-11-03T22:47:44.700Z","method":"GET","resource":"/logs","version":"1.1","status":200}
{"agent":"Mozilla/5.0 (Windows NT 10.0; Win64; x64) AppleWebKit/537.36 (KHTML, like Gecko) Chrome/141.0.0.0 Safari/537.36","time":"2025-11-03T22:47:44.700Z","method":"GET","resource":"/logs","version":"1.1","status":200}
{"agent":"Mozilla/5.0 (Windows NT 10.0; Win64; x64) AppleWebKit/537.36 (KHTML, like Gecko) Chrome/141.0.0.0 Safari/537.36","time":"2025-11-03T22:47:44.700Z","method":"GET","resource":"/logs","version":"1.1","status":200}
{"agent":"Mozilla/5.0 (Windows NT 10.0; Win64; x64) AppleWebKit/537.36 (KHTML, like Gecko) Chrome/141.0.0.0 Safari/537.36","time":"2025-11-03T22:47:44.700Z","method":"GET","resource":"/logs","version":"1.1","status":200}
{"agent":"Mozilla/5.0 (Windows NT 10.0; Win64; x64) AppleWebKit/537.36 (KHTML, like Gecko) Chrome/141.0.0.0 Safari/537.36","time":"2025-11-03T22:47:44.700Z","method":"GET","resource":"/logs","version":"1.1","status":200}
{"agent":"Mozilla/5.0 (Windows NT 10.0; Win64; x64) AppleWebKit/537.36 (KHTML, like Gecko) Chrome/141.0.0.0 Safari/537.36","time":"2025-11-03T22:47:44.700Z","method":"GET","resource":"/logs","version":"1.1","status":200}
{"agent":"Mozilla/5.0 (Windows NT 10.0; Win64; x64) AppleWebKit/537.36 (KHTML, like Gecko) Chrome/141.0.0.0 Safari/537.36","time":"2025-11-03T22:49:20.020Z","method":"GET","resource":"/logs","version":"1.1","status":200}
{"agent":"Mozilla/5.0 (Windows NT 10.0; Win64; x64) AppleWebKit/537.36 (KHTML, like Gecko) Chrome/141.0.0.0 Safari/537.36","time":"2025-11-03T22:49:20.020Z","method":"GET","resource":"/.well-known/appspecific/com.chrome.devtools.json","version":"1.1","status":200}
{"agent":"Mozilla/5.0 (Windows NT 10.0; Win64; x64) AppleWebKit/537.36 (KHTML, like Gecko) Chrome/141.0.0.0 Safari/537.36","time":"2025-11-03T22:49:20.020Z","method":"GET","resource":"/logs","version":"1.1","status":200}
{"agent":"Mozilla/5.0 (Windows NT 10.0; Win64; x64) AppleWebKit/537.36 (KHTML, like Gecko) Chrome/141.0.0.0 Safari/537.36","time":"2025-11-03T22:49:20.020Z","method":"GET","resource":"/.well-known/appspecific/com.chrome.devtools.json","version":"1.1","status":200}
{"agent":"Mozilla/5.0 (Windows NT 10.0; Win64; x64) AppleWebKit/537.36 (KHTML, like Gecko) Chrome/141.0.0.0 Safari/537.36","time":"2025-11-03T22:49:20.020Z","method":"GET","resource":"/.well-known/appspecific/com.chrome.devtools.json","version":"1.1","status":200}
node-superagent/2.3.0,2025-11-03T22:53:55.239Z,GET,/,HTTP/1.1,200
node-superagent/2.3.0,2025-11-03T22:53:55.245Z,GET,/,HTTP/1.1,200
node-superagent/2.3.0,2025-11-03T22:53:55.248Z,GET,/,HTTP/1.1,200
node-superagent/2.3.0,2025-11-03T22:53:55.251Z,GET,/,HTTP/1.1,200
node-superagent/2.3.0,2025-11-03T22:53:55.253Z,GET,/,HTTP/1.1,200
node-superagent/2.3.0,2025-11-03T22:53:55.255Z,GET,/,HTTP/1.1,200
node-superagent/2.3.0,2025-11-03T22:53:55.256Z,GET,/,HTTP/1.1,200
node-superagent/2.3.0,2025-11-03T22:53:55.258Z,GET,/,HTTP/1.1,200
node-superagent/2.3.0,2025-11-03T22:53:55.260Z,GET,/logs,HTTP/1.1,200
node-superagent/2.3.0,2025-11-03T22:53:55.266Z,GET,/logs,HTTP/1.1,200
{"agent":"Mozilla/5.0 (Windows NT 10.0; Win64; x64) AppleWebKit/537.36 (KHTML, like Gecko) Chrome/141.0.0.0 Safari/537.36","time":"2025-11-03T22:49:20.020Z","method":"GET","resource":"/.well-known/appspecific/com.chrome.devtools.json","version":"1.1","status":200}
{"agent":"Mozilla/5.0 (Windows NT 10.0; Win64; x64) AppleWebKit/537.36 (KHTML, like Gecko) Chrome/141.0.0.0 Safari/537.36","time":"2025-11-03T22:54:04.562Z","method":"GET","resource":"/.well-known/appspecific/com.chrome.devtools.json","version":"1.1","status":200}
{"agent":"Mozilla/5.0 (Windows NT 10.0; Win64; x64) AppleWebKit/537.36 (KHTML, like Gecko) Chrome/141.0.0.0 Safari/537.36","time":"2025-11-03T22:54:04.562Z","method":"GET","resource":"/.well-known/appspecific/com.chrome.devtools.json","version":"1.1","status":200}
{"agent":"Mozilla/5.0 (Windows NT 10.0; Win64; x64) AppleWebKit/537.36 (KHTML, like Gecko) Chrome/141.0.0.0 Safari/537.36","time":"2025-11-03T22:54:04.562Z","method":"GET","resource":"/logs","version":"1.1","status":200}
{"agent":"Mozilla/5.0 (Windows NT 10.0; Win64; x64) AppleWebKit/537.36 (KHTML, like Gecko) Chrome/141.0.0.0 Safari/537.36","time":"2025-11-03T22:54:04.562Z","method":"GET","resource":"/logs","version":"1.1","status":200}
{"agent":"Mozilla/5.0 (Windows NT 10.0; Win64; x64) AppleWebKit/537.36 (KHTML, like Gecko) Chrome/141.0.0.0 Safari/537.36","time":"2025-11-03T22:54:04.562Z","method":"GET","resource":"/logs","version":"1.1","status":200}
{"agent":"Mozilla/5.0 (Windows NT 10.0; Win64; x64) AppleWebKit/537.36 (KHTML, like Gecko) Chrome/141.0.0.0 Safari/537.36","time":"2025-11-03T22:54:04.562Z","method":"GET","resource":"/logs","version":"1.1","status":200}
{"agent":"Mozilla/5.0 (Windows NT 10.0; Win64; x64) AppleWebKit/537.36 (KHTML, like Gecko) Chrome/141.0.0.0 Safari/537.36","time":"2025-11-03T22:54:08.180Z","method":"GET","resource":"/logs","version":"1.1","status":200}
{"agent":"Mozilla/5.0 (Windows NT 10.0; Win64; x64) AppleWebKit/537.36 (KHTML, like Gecko) Chrome/141.0.0.0 Safari/537.36","time":"2025-11-03T22:54:08.180Z","method":"GET","resource":"/logs","version":"1.1","status":200}
{"agent":"Mozilla/5.0 (Windows NT 10.0; Win64; x64) AppleWebKit/537.36 (KHTML, like Gecko) Chrome/141.0.0.0 Safari/537.36","time":"2025-11-03T22:54:08.180Z","method":"GET","resource":"/logs","version":"1.1","status":200}
{"agent":"Mozilla/5.0 (Windows NT 10.0; Win64; x64) AppleWebKit/537.36 (KHTML, like Gecko) Chrome/141.0.0.0 Safari/537.36","time":"2025-11-03T22:54:08.180Z","method":"GET","resource":"/logs","version":"1.1","status":200}
{"agent":"Mozilla/5.0 (Windows NT 10.0; Win64; x64) AppleWebKit/537.36 (KHTML, like Gecko) Chrome/141.0.0.0 Safari/537.36","time":"2025-11-03T22:54:08.180Z","method":"GET","resource":"/logs","version":"1.1","status":200}
Mozilla/5.0 (Windows NT 10.0; Win64; x64) AppleWebKit/537.36 (KHTML, like Gecko) Chrome/141.0.0.0 Safari/537.36,2025-11-03T23:04:17.958Z,GET,/logs,HTTP/1.1,200
Mozilla/5.0 (Windows NT 10.0; Win64; x64) AppleWebKit/537.36 (KHTML, like Gecko) Chrome/141.0.0.0 Safari/537.36,2025-11-03T23:04:17.972Z,GET,/.well-known/appspecific/com.chrome.devtools.json,HTTP/1.1,200
Mozilla/5.0 (Windows NT 10.0; Win64; x64) AppleWebKit/537.36 (KHTML, like Gecko) Chrome/141.0.0.0 Safari/537.36,2025-11-03T23:04:17.997Z,GET,/favicon.ico,HTTP/1.1,200
Mozilla/5.0 (Windows NT 10.0; Win64; x64) AppleWebKit/537.36 (KHTML, like Gecko) Chrome/141.0.0.0 Safari/537.36,2025-11-03T23:04:22.038Z,GET,/logs,HTTP/1.1,200
Mozilla/5.0 (Windows NT 10.0; Win64; x64) AppleWebKit/537.36 (KHTML, like Gecko) Chrome/141.0.0.0 Safari/537.36,2025-11-03T23:04:22.053Z,GET,/.well-known/appspecific/com.chrome.devtools.json,HTTP/1.1,200
Mozilla/5.0 (Windows NT 10.0; Win64; x64) AppleWebKit/537.36 (KHTML, like Gecko) Chrome/141.0.0.0 Safari/537.36,2025-11-03T23:04:28.556Z,GET,/logs,HTTP/1.1,200
Mozilla/5.0 (Windows NT 10.0; Win64; x64) AppleWebKit/537.36 (KHTML, like Gecko) Chrome/141.0.0.0 Safari/537.36,2025-11-03T23:04:28.568Z,GET,/.well-known/appspecific/com.chrome.devtools.json,HTTP/1.1,200
Mozilla/5.0 (Windows NT 10.0; Win64; x64) AppleWebKit/537.36 (KHTML, like Gecko) Chrome/141.0.0.0 Safari/537.36,2025-11-03T23:04:28.587Z,GET,/favicon.ico,HTTP/1.1,200
Mozilla/5.0 (Windows NT 10.0; Win64; x64) AppleWebKit/537.36 (KHTML, like Gecko) Chrome/141.0.0.0 Safari/537.36,2025-11-03T23:04:36.416Z,GET,/logs,HTTP/1.1,200
Mozilla/5.0 (Windows NT 10.0; Win64; x64) AppleWebKit/537.36 (KHTML, like Gecko) Chrome/141.0.0.0 Safari/537.36,2025-11-03T23:04:39.000Z,GET,/,HTTP/1.1,200
Mozilla/5.0 (Windows NT 10.0; Win64; x64) AppleWebKit/537.36 (KHTML, like Gecko) Chrome/141.0.0.0 Safari/537.36,2025-11-03T23:04:41.976Z,GET,/logs,HTTP/1.1,200
node-superagent/2.3.0,2025-11-03T23:45:08.664Z,GET,/,HTTP/1.1,200
node-superagent/2.3.0,2025-11-03T23:45:08.670Z,GET,/,HTTP/1.1,200
node-superagent/2.3.0,2025-11-03T23:45:08.673Z,GET,/,HTTP/1.1,200
node-superagent/2.3.0,2025-11-03T23:45:08.676Z,GET,/,HTTP/1.1,200
node-superagent/2.3.0,2025-11-03T23:45:08.678Z,GET,/,HTTP/1.1,200
node-superagent/2.3.0,2025-11-03T23:45:08.680Z,GET,/,HTTP/1.1,200
node-superagent/2.3.0,2025-11-03T23:45:08.681Z,GET,/,HTTP/1.1,200
node-superagent/2.3.0,2025-11-03T23:45:08.683Z,GET,/,HTTP/1.1,200
node-superagent/2.3.0,2025-11-03T23:45:08.686Z,GET,/logs,HTTP/1.1,200
node-superagent/2.3.0,2025-11-03T23:45:08.692Z,GET,/logs,HTTP/1.1,200
